error,unfairness
0.1586436,0.0986322
0.1729388,0.0215482
0.1677527,0.0523442
0.1505319,0.1668707
0.1523271,0.1467705
