error,unfairness
0.152992,0.0384472
0.1508644,0.0551245
0.1503324,0.0706391
