error,unfairness
0.1535904,0.0486114
0.1534574,0.0494396
0.1581117,0.0203381
0.1517287,0.0648305
