error,unfairness
0.1536569,0.0488715
0.1517287,0.0566432
0.1494681,0.0573666
