error,unfairness
0.1511303,0.061496
0.1537234,0.0246942
0.1526596,0.0294751
0.1523936,0.0542355
