error,unfairness
0.3530093,0.0363649
0.3362269,0.1625328
