Fold#,Training accuracy,Training Unfairness(1),Training objective function,Test accuracy,Test unfairness,#Nodes explored for best solution,Cache size for best solution,Average length
0,0.5668563300142248,0.002416466624799718,0.43614366998577525,0.5507109004739337,0.019701213818860863,550887,337036,3
1,0.5675675675675675,0.002506488816904767,0.43543243243243246,0.5800947867298578,0.042548398295257306,500011,310585,3
2,0.5633001422475107,0.004956403228721151,0.4396998577524893,0.5516587677725119,0.009370692593855146,606116,364545,3
3,0.5636406731452951,0.001022858294247364,0.4393593268547049,0.5901328273244781,0.032582293001967105,551309,336725,3
4,0.5702773168997393,0.004849258329476552,0.43272268310026074,0.547438330170778,0.03214822423861974,615197,369180,3
Average,0.5663284059748674,0.0031502950588299106,0.4366715940251325,0.5640071224943118,0.027270164389712033,,
