Fold#,Training accuracy,Training Unfairness(5),Training objective function,Test accuracy,Test unfairness,#Nodes explored for best solution,Cache size for best solution,Average length
0,0.5367472735893789,0.0007257048155894508,0.4652527264106211,0.5213270142180095,0.07756645694170147,19254,13228,2
1,0.5251303935514462,0.0,0.4748696064485538,0.5450236966824644,0.0,0,0,0
2,0.5412517780938834,0.0005813910838974347,0.46074822190611664,0.5317535545023697,0.012232472791489219,14165,10715,2
3,0.5413605119696611,0.0005319270186762426,0.46063948803033894,0.5531309297912713,0.030552854068072788,17199,12279,2
4,0.5446788338468831,0.0007621895280086333,0.4573211661531169,0.5075901328273245,0.019863293760647417,14364,10744,2
Average,0.5378337582102505,0.0005202424892343522,0.4637662417897495,0.5317650656042879,0.02804301551238218,,
