error,unfairness
0.1533245,0.0649946
0.1606383,0.0566336
0.1527926,0.076023
0.1517952,0.0781376
