error,unfairness
0.337963,0.156623
0.3611111,0.1378981
0.375,0.1165983
0.3773148,0.1050844
0.3732639,0.1224127
0.3958333,0.0879996
