error,unfairness
0.3284698328192307,0.22412372519687174
0.34155112098347984,0.195503934817501
0.35444607318542776,0.056068454055170004
0.3603239296024173,0.052242577852864715
0.35994514240492104,0.05237619686429916
0.3616523827081666,0.04661083802821527
0.3622218225311834,0.04417547016457759
0.3671516317886274,0.03377548339096066
0.4708952579655926,0.0
