error,unfairness
0.32732811028615727,0.07274119721735639
0.4150813604737582,0.029169594059674942
0.47088980049272455,0.0
