error,unfairness
0.3290390927812801,0.07694519178765771
0.4708952579655926,0.0
0.4473881489608533,0.0279343618819168
0.4191417034632231,0.04095933199156765
0.3288493394605969,0.0774511148994264
