error,unfairness
0.3288493394605969,0.0774511148994264
0.419141703463223,0.04095933199156765
0.4708952579655926,0.0
