error,unfairness
0.3288493394605969,0.1880170969827674
0.34819032887577905,0.1606852849739288
0.3631705891345989,0.11479599160165417
0.4111524591490777,0.08412024866218679
0.4255641788897182,0.046602007480012905
0.42821820732573723,0.045428802092596685
0.4274595537649397,0.04631324728924724
0.43428635664631243,0.029037836821935357
0.4320114751297247,0.04279994139714473
0.4708952579655926,0.0
