error,unfairness
0.3288493394605969,0.0774511148994264
0.34819680387060803,0.07422834450479306
0.3476280834914611,0.07555457078818668
0.3497135714093006,0.0719565436976721
0.3506614387078788,0.06513963366021909
0.4708952579655926,0.0
