error,unfairness
0.32704368269668105,0.07111645227725365
0.4150813604737582,0.029169594059674942
0.47088980049272455,0.0
