error,unfairness
0.3293664855334495,0.0806625240094276
0.4140856278990783,0.02830382441840116
0.47088980049272455,0.0
