accuracy,unfairness,accuracy_train,unfairness_train
0.7953725167862553,0.03290873354803595,0.7953727678452899,0.03288934061397274
