error,unfairness
0.36914059999999993,0.0455417
0.33007809999999993,0.0923298
0.35351559999999993,0.0561841
0.328125,0.1141898
0.32617190000000007,0.1167786
