error,unfairness
0.34570309999999993,0.091711
0.3242187999999999,0.1124024
0.3554687999999999,0.0625263
0.3203125,0.1322495
0.36914059999999993,0.0407951
0.33007809999999993,0.1056349
