error,unfairness
0.17026983833884302,0.25570703162677666
0.1775967126337985,0.10086960228644978
0.1798079228619347,0.017825576197508686
0.1795108931589644,0.020338149766262026
