error,unfairness
0.17026983833884302,0.03733841541737435
0.17307529317051196,0.025552954124263883
0.19013839707126345,0.023839785992939566
0.2478961662464314,0.0
