error,unfairness
0.3288493394605969,0.1598912740174287
0.3459127494446792,0.12290022728234465
0.34837720442098263,0.1183623644584888
0.35425649972571205,0.06389980573221807
0.35444607318542776,0.043223168589775776
0.38288299144761095,0.031221162997463598
