error,unfairness
0.17026983833884302,0.1604168936542115
0.1798079228619347,0.010818015293627982
