error,unfairness
0.1685535468879451,0.02822566917907776
0.1704680542323913,0.025390607627309623
0.17238224565153326,0.024018845730176007
0.17357036446341445,0.02091124665046107
0.17291029845681383,0.02341535233301344
