error,unfairness
0.1712185296668205,0.1903294517079618
0.17924685546858254,0.053075118452611834
0.18055879111983975,0.0366449567086526
0.24789598241766497,0.0
