error,unfairness
0.18005546049468601,0.24530875624906745
0.18105383007255715,0.22434439200256534
0.18312486103389836,0.12215148663306319
0.18612000857249789,0.030388929205399574
0.24789598241766497,0.0
