error,unfairness
0.18005546049468601,0.008990931519028897
0.1803112197333021,0.0007794610291139905
0.18185418767752426,0.0004507802383179493
0.24789598241766497,0.0
