error,unfairness
0.1631649,0.0157653
0.1616356,0.0395406
0.1544548,0.0612269
0.150266,0.1043733
0.1523936,0.093163
