error,unfairness
0.1558511,0.0504557
0.1586436,0.0214919
0.1514628,0.0673847
0.1512633,0.0754553
0.1520612,0.0649894
