error,unfairness
0.1529255,0.0240823
0.1510638,0.0556619
0.150266,0.0810037
