error,unfairness
0.3431713,0.211449
0.3449074,0.1969757
0.3460648,0.1945497
0.4409722,0.0256231
0.3744213,0.1339814
0.4438657,0.0224161
