error,unfairness
0.3368056,0.2042122
0.3645833,0.0226849
0.3408565,0.1464491
0.337963,0.1979629
0.3483796,0.1424903
