error,unfairness
0.3547454,0.038335
0.3408565,0.1945331
0.353588,0.1691425
0.3373843,0.2426221
0.3333333,0.250349
