error,unfairness
0.1774233611735282,0.20580175887002916
0.18010496510478635,0.10026923112200206
0.18287733798339612,0.028322225530723145
0.24789598241766497,0.0
