error,unfairness
0.1774233611735282,0.0009064347076160585
0.17833920275768667,0.0006342100772854665
0.17872700753511128,0.0004756904277398659
0.24789598241766497,0.0
