error,unfairness
0.17552560196404965,0.25319652442379964
0.18053401549775838,0.1381539220579563
0.1838179592743714,0.0350768657325915
0.24789598241766497,0.0
