error,unfairness
0.17666425429002752,0.2422516545375216
0.18104558775734003,0.12694993473125107
0.18399948491486806,0.028922081573974447
0.24789598241766497,0.0
