error,unfairness
0.32732811028615727,0.07274119721735639
0.41934878579381507,0.01845145725306756
0.47088980049272455,0.0
