accuracy,unfairness,accuracy_train,unfairness_train
0.5662789463744525,0.032859997581746056,0.566280922706117,0.030913860813857892
