error,unfairness
0.1553856,0.0517982
0.1570479,0.026917
0.1560505,0.037869
0.1520612,0.0705514
0.1517287,0.0787395
0.1503324,0.0811402
0.152859,0.0682525
