error,unfairness
0.1514628,0.0592194
0.1548537,0.0412752
0.1513963,0.1005983
