error,unfairness
0.1607713,0.0916159
0.1724734,0.0237588
0.1678191,0.0385515
0.1571809,0.1185108
0.1590426,0.1047838
0.1522606,0.1696364
