error,unfairness
0.1537234,0.0542345
0.1505984,0.0739859
0.1541888,0.0402199
