error,unfairness
0.1548537,0.0636496
0.1549867,0.0459703
0.1568484,0.0288429
0.1503324,0.0786886
0.1508644,0.0654737
0.1577128,0.0224983
