error,unfairness
0.3564815,0.1162869
0.3524306,0.1574242
0.3755787,0.1062042
