accuracy,unfairness,accuracy_train,unfairness_train
0.8115077754340853,0.04800901183686865,0.8115076796435453,0.048016912211219676
