error,unfairness,strategy
0.17552560196404965,0.25319652442379964,with ULB
0.1805340154977584,0.1381539220579563,with ULB
0.1838179592743714,0.0350768657325915,with ULB
0.24789598241766495,0.0,with ULB
0.17552560196404965,0.25319652442379964,without ULB
0.1805340154977584,0.1381539220579563,without ULB
0.1838179592743714,0.0350768657325915,without ULB
0.24789598241766495,0.0,without ULB
