error,unfairness,strategy
0.3273281102861573,0.07274119721735639,with ULB
0.4150813604737582,0.029169594059674942,with ULB
0.4708898004927246,0.0,with ULB
0.3273281102861573,0.07274119721735639,without ULB
0.4150813604737582,0.029169594059674942,without ULB
0.4708898004927246,0.0,without ULB
