error,unfairness
0.1651540925672036,0.1668270964901111
0.1665072278807349,0.1537565500988271
0.1675633171503319,0.12860931051836982
0.1798079228619347,0.010818015293627982
0.2478961662464314,0.0
