error,unfairness
0.1651540925672036,0.1668270964901111
0.16548410922953993,0.07103890274531624
0.1798079228619347,0.010818015293627982
0.2478961662464314,0.0
