error,unfairness
0.17759670718681042,0.013392478792355023
0.17660660817690954,0.016153078633545988
0.17591353886997874,0.016698179385623825
0.1815574518336469,0.012903426052996339
0.2478961662464314,0.0
