error,unfairness
0.17670563441886356,0.029189550189460466
0.1770688450261101,0.02606248705150215
0.17743173970805226,0.024224713232937088
0.2478961662464314,0.0
