error,unfairness
0.16909999999999992,0.03302684392097727
0.16894999999999993,0.033149497843477226
0.16859999999999997,0.033925347075938285
0.16854999999999998,0.04362742253242713
