error,unfairness
0.16974999999999996,0.051354775065619786
0.16945,0.05297661679126926
0.1694000000000001,0.05310792780201083
0.16935,0.05371331861183028
