error,unfairness
0.16466666666666663,0.043010880679558446
0.16433333333333333,0.05100382009216706
