error,unfairness
0.3221730890713834,0.4018853843534461
0.32280480101073905,0.39845769003532916
0.32469993682880605,0.39441879410973746
