error,unfairness
0.1765075655939914,0.25702313919335307
0.18182127125074277,0.14748343295968688
0.1848577927606263,0.054330312932091604
0.2478961662464314,0.0
