error,unfairness
0.1765075655939914,0.02013958584485742
0.17558347318475054,0.025223231288053427
0.17782787735779682,0.01987860425229543
0.2478961662464314,0.0
