error,unfairness
0.17558347318475054,0.016005115114945102
0.17597954547063888,0.015224490998797798
0.1769366411802098,0.012414403178669034
0.17621056857294914,0.013037567943237103
0.17644160256923536,0.012740580237993349
0.2478961662464314,0.0
