error,unfairness
0.1765075655939914,0.005939230447848584
0.1764415480993552,0.006936308421988199
0.1765406015762494,0.005199484938039736
0.2478961662464314,0.0
