error,unfairness
0.33718944677889806,0.07149404909657517
0.4297802699095097,0.01771946356100871
0.47088980049272455,0.0
