error,unfairness
0.17985743422520817,0.3552252887800881
0.18015447618238467,0.2580723629723139
0.1831991215231923,0.11351779092247398
0.18462655408863637,0.019439747245497685
0.2429947901242535,0.0015400057355893448
0.24789598241766497,0.0
